[
  {
    "id": "95ce74e5-beeb-4d2e-9927-2d7f2d255d85",
    "data": [
      {
        "text": "日記作りたい",
        "userDefined": false
      }
    ],
    "isTemplate": false,
    "count": 0,
    "lang": "ja",
    "updated": 0
  },
  {
    "id": "cb0eaac0-a21a-489f-98ca-3442f3c29d1c",
    "data": [
      {
        "text": "絵日記つけたい",
        "userDefined": false
      }
    ],
    "isTemplate": false,
    "count": 0,
    "lang": "ja",
    "updated": 0
  },
  {
    "id": "e379642d-aa85-4a40-8861-e0cbb4986647",
    "data": [
      {
        "text": "絵日記",
        "userDefined": false
      }
    ],
    "isTemplate": false,
    "count": 0,
    "lang": "ja",
    "updated": 0
  },
  {
    "id": "fd00972a-fdff-494c-a394-657970f5033f",
    "data": [
      {
        "text": "絵日記作りたい",
        "userDefined": false
      }
    ],
    "isTemplate": false,
    "count": 0,
    "lang": "ja",
    "updated": 0
  },
  {
    "id": "3bf1e90a-2464-4b94-8fb3-84a327145ded",
    "data": [
      {
        "text": "日記",
        "userDefined": false
      }
    ],
    "isTemplate": false,
    "count": 0,
    "lang": "ja",
    "updated": 0
  },
  {
    "id": "78731233-4e0b-4746-8f99-70c9551f5fc1",
    "data": [
      {
        "text": "日記つけたい",
        "userDefined": false
      }
    ],
    "isTemplate": false,
    "count": 0,
    "lang": "ja",
    "updated": 0
  }
]